Feature,Tier,Source,Criterion,Location,Severity,Verdict,Classified on,Note
View orders,1,gitleaks,C01,app/app.py:10,High,True positive,2026-10-07,Planted bug 2
View orders,1,semgrep,C01,app/app.py:9,High,True positive,2026-10-07,Planted bug 1
View orders,1,semgrep,,app/app.py:90,,,,dynamic-urllib-use-detected; left unclassified as in comparison-DEMO.md
View orders,2,TC-04,C06,GET /stats,Medium,True positive,2026-10-07,Planted bug 6
View orders,2,TC-12,C07,GET /stats,Medium,True positive,2026-10-07,Planted bug 7
View orders,2,TC-21,C04,GET /orders/<id>,High,True positive,2026-10-07,Planted bug 3
View orders,2,TC-22,C05,POST /orders,Medium,True positive,2026-10-07,Planted bug 5
View orders,2,TC-23,C05,POST /orders,Medium,True positive,2026-10-07,Planted bug 5
View orders,2,TC-31,C02,GET /orders/<id>/tracking,Medium,True positive,2026-10-07,Planted bug 4
View orders,2,TC-32,C11,GET /orders/<id>/tracking,Low,True positive,2026-10-07,Planted bug 10
View orders,2,TC-41,C09,POST /orders,Medium,True positive,2026-10-07,Planted bug 8
View orders,2,TC-51,C10,caller identification,Medium,True positive,2026-10-07,Planted bug 9
View orders,2,TC-52,C10,caller identification,Medium,True positive,2026-10-07,Planted bug 9
View orders,3,same model (demo),C01,app/app.py:9,High,True positive,2026-10-07,Planted bug 1
View orders,3,same model (demo),C01,app/app.py:10,High,True positive,2026-10-07,Planted bug 2
View orders,3,same model (demo),C02,app/app.py:92,Medium,True positive,2026-10-07,Planted bug 4
View orders,3,same model (demo),C03,app/app.py:54,High,True positive,2026-10-07,Planted bug 3
View orders,3,same model (demo),C04,app/app.py:54,High,True positive,2026-10-07,Planted bug 3
View orders,3,same model (demo),C05,app/app.py:68,Medium,True positive,2026-10-07,Planted bug 5
View orders,3,same model (demo),C06,app/app.py:77,Medium,True positive,2026-10-07,Planted bug 6
View orders,3,same model (demo),C07,app/app.py:81,Medium,True positive,2026-10-07,Planted bug 7
View orders,3,same model (demo),C09,app/app.py:63,Medium,True positive,2026-10-07,Planted bug 8
View orders,3,same model (demo),C10,app/app.py:37,Medium,True positive,2026-10-07,Planted bug 9
View orders,3,same model (demo),C11,app/app.py:90,Low,True positive,2026-10-07,Planted bug 10
View orders,3,same model (demo),C12,app/app.py:48,Low,True positive,2026-10-07,Planted bug 11
